var_name,no_remit,remit
food_pc,22.81325301204819,28.959067253803042
water_pc,0.4802543507362784,1.0038177208433412
water_pc,0.5032960413080895,0.7261168935148119
rent_pc,0.0,0.0
power_pc,3.486345381526104,4.5610488390712565
hygiene_pc,3.2677376171352073,4.6704697091006135
transport_pc,1.4776606425702812,2.30647184414198
communication_pc,2.0245983935742973,3.025437492851424
fuel_pc,2.19850234270415,2.6603564903204613
other_pc,0.0,0.0
total_expenditure,42.78980923694779,54.694077395249536
